{"Alpine": [[0.6844129091325246, 0.7485618371862364, 0.9804837109941252], [0.4687571526665141, 0.6640726329442282, 0.7187609674219883], [0.47656977187762267, 0.7226672770275425, 0.8437628747997253], [0.7461051346608683, 0.7500114442664225, 0.769542992294194], [0.7461051346608683, 0.5703212024109254, 0.47266346227206835], [0.7461051346608683, 0.7500114442664225, 0.769542992294194], [0.7382925154497597, 0.7382925154497597, 0.9179827573052567], [0.7461051346608683, 0.7500114442664225, 0.769542992294194]], "Arizona": [[0.9961089494163424, 0.6695963988708323, 0.4687571526665141], [0.6562600137331197, 0.41948577096208134, 0.47472343022812236], [0.8672007324330511, 0.7005569542992294, 0.5815213244831007], [0.5312581063553826, 0.3416647592889296, 0.4375066758220798], [0.7647058823529411, 0.49019607843137253, 0.4745098039215686], [0.8007934691386283, 0.4687571526665141, 0.41406881818875413], [0.39215686274509803, 0.3764705882352941, 0.2784313725490196], [0.5156328679331655, 0.3295948729686427, 0.37300679026474404]], "BeigeRose": [[0.37917143511100937, 0.5312581063553826, 0.5312581063553826], [0.8164187075608453, 0.753658350499733, 0.6819409475852598], [0.714854657816434, 0.5354390783550774, 0.5354390783550774], [0.9375143053330282, 0.922194247348745, 0.9191271839475089], [0.5664148928053712, 0.5664148928053712, 0.5664148928053712], [0.7226672770275425, 0.7226672770275425, 0.7226672770275425], [0.5273517967498283, 0.5777370870527199, 0.6796978713664454], [0.5634851606012055, 0.687510490577554, 0.6730296787975891]], "Black": [[0, 0, 0], [0, 0, 0], [0, 0, 0], [0, 0, 0], [0, 0, 0], [0, 0, 0], [0, 0, 0], [0, 0, 0]], "BlackWhite": [[0, 0, 0], [1, 1, 1], [1, 1, 1], [0, 0, 0], [0, 0, 0], [0, 0, 0], [0, 0, 0], [0, 0, 0]], "Broica": [[0.9257953765163653, 0.6562600137331197, 0.4375066758220798], [0.5976653696498054, 0.5980773632410162, 0.6015411612115663], [0.5364614328221561, 0.5938811322194247, 0.6640726329442282], [0.40625619897764553, 0.43360036621652553, 0.5078202487220569], [0.7734493018997483, 0.6985275043869688, 0.6581826504921034], [0.2851606012054627, 0.5703212024109254, 0.6523537041275654], [0.714854657816434, 0.5273517967498283, 0.5507896543831541], [0.5763942931258106, 0.6697337300679026, 0.7461051346608683]], "Cabernet": [[0.8437628747997253, 0.5302967879758907, 0.4599221789883268], [0.3889677271686885, 0.5390707255664912, 0.4790264744029908], [0.2732127870603494, 0.38281834134431986, 0.338979171435111], [0.2942092011902037, 0.3676050965133135, 0.37891203173876553], [0.7109483482108797, 0.3624322880903334, 0.4437476157778286], [0.5117265583276112, 0.23277637903410392, 0.2792706187533379], [0.47266346227206835, 0.27617303730830856, 0.3351186388952468], [0.28622873273823146, 0.3602349889372091, 0.39453727016098267]], "Camouflage": [[0.6752422369726101, 0.742198825055314, 0.7031357289997712], [0.43015182726787216, 0.4882887006942855, 0.46167696650644696], [0.5625085831998169, 0.48088807507438774, 0.48088807507438774], [0.5078202487220569, 0.5078202487220569, 0.605477988860914], [0.5546959639887084, 0.5546959639887084, 0.46767376211184863], [0.4961013199053941, 0.42410925459678034, 0.42410925459678034], [0.5546959639887084, 0.5546959639887084, 0.5220569161516747], [0.30814068818188756, 0.4179751277943084, 0.3960021362630655]], "Charcoal": [[0.5294117647058824, 0.7031357289997712, 0.687510490577554], [0.46094453345540554, 0.4482795452811475, 0.47266346227206835], [0.4101625085831998, 0.389242389562829, 0.389242389562829], [0.5351644159609369, 0.4260624093995575, 0.4260624093995575], [0.5078202487220569, 0.5195391775387198, 0.5195391775387198], [0.3893797207598993, 0.43360036621652553, 0.42917524986648353], [0.5664148928053712, 0.5664148928053712, 0.5664148928053712], [0.6836041809719997, 0.5859464408331426, 0.5859464408331426]], "Chocolate": [[0.660166323338674, 0.660166323338674, 0.9961089494163424], [0.4375066758220798, 0.5468833447775998, 0.5507896543831541], [0.5273517967498283, 0.5273517967498283, 0.6836041809719997], [0.5859464408331426, 0.4687571526665141, 0.4687571526665141], [0.7226672770275425, 0.6250095368886854, 0.6250095368886854], [0.6445410849164569, 0.5111161974517433, 0.5111161974517433], [0.7304798962386511, 0.7304798962386511, 0.8476691844052796], [0.5859464408331426, 0.5859464408331426, 0.7226672770275425]], "Cinnamon": [[0.6914168001831082, 0.2955367360952163, 0.31532768749523155], [0.5703212024109254, 0.40949111161974516, 0.4008239871824216], [0.47266346227206835, 0.4311284046692607, 0.42816815442130157], [0.5117265583276112, 0.41087968261234453, 0.3772640573739223], [0.605477988860914, 0.406485084306096, 0.3831235217822538], [0.632822156099794, 0.5536125734340429, 0.5496299687190052], [0.5156328679331655, 0.45894560158693826, 0.4569771877622644], [0.4687571526665141, 0.4101625085831998, 0.3632867933165484]], "Clay": [[0.9961089494163424, 0.6640726329442282, 0.6640726329442282], [0.5859464408331426, 0.5078202487220569, 0.5078202487220569], [0.3515678644998856, 0.5429770351720454, 0.5507896543831541], [0.5468833447775998, 0.3906309605554284, 0.3906309605554284], [0.6836041809719997, 0.5664148928053712, 0.5664148928053712], [0.6445410849164569, 0.42969405661097126, 0.42969405661097126], [0.6718852521553369, 0.5117265583276112, 0.5117265583276112], [0.18359655146105136, 0.5429770351720454, 0.5507896543831541]], "Crimson": [[0.6953231097886625, 0.30078583962767985, 0.47656977187762267], [0.6796978713664454, 0.6953231097886625, 0.7617303730830853], [0.4414129854276341, 0.5429770351720454, 0.6445410849164569], [0.9961089494163424, 0.9648584725719082, 0.9101701380941482], [0.409399557488365, 0.6484473945220112, 0.6285191119249256], [0.5517662317845426, 0.6758373388265813, 0.7773556115053025], [0.8242313267719539, 0.5898527504386969, 0.5937590600442512], [0.5919279774166476, 0.5767147325856412, 0.7070420386053254]], "DarkGold": [[0.7187609674219883, 0.5868467231250477, 0.3889677271686885], [0.47664606698710615, 0.4847486076142519, 0.4961013199053941], [0.3242236972610056, 0.3320363164721141, 0.4375066758220798], [0.9961089494163424, 0.9961089494163424, 0.8828259708552681], [0.6562600137331197, 0.6562600137331197, 0.6562600137331197], [0.47598992904554815, 0.611062790875105, 0.6289158464942397], [0.5268024719615473, 0.49907682917524987, 0.7070420386053254], [0.41991302357518884, 0.5805600061036088, 0.6953231097886625]], "Default": [[0.9257953765163653, 0.6562600137331197, 0.4375066758220798], [0.5976653696498054, 0.5980773632410162, 0.6015411612115663], [0.5364614328221561, 0.5938811322194247, 0.6640726329442282], [0.40625619897764553, 0.43360036621652553, 0.5078202487220569], [0.7734493018997483, 0.6985275043869688, 0.6581826504921034], [0.2851606012054627, 0.5703212024109254, 0.6523537041275654], [0.714854657816434, 0.5273517967498283, 0.5507896543831541], [0.5763942931258106, 0.6697337300679026, 0.7461051346608683]], "Delphinium": [[0.5195391775387198, 0.7656366826886397, 0.9257953765163653], [0.7812619211108568, 0.7812619211108568, 0.7812619211108568], [0.5195391775387198, 0.5468833447775998, 0.8476691844052796], [0.9961089494163424, 0.9961089494163424, 0.8984512092774853], [0.4687571526665141, 0.7031357289997712, 0.742198825055314], [0.334554055085069, 0.5267872129396506, 0.7617303730830853], [0.7265735866330968, 0.6132906080720226, 0.5664148928053712], [0.5625085831998169, 0.6250095368886854, 0.742198825055314]], "Desert": [[0.8945448996719311, 0.7175097276264591, 0.5775234607461661], [0.7578240634775311, 0.7304798962386511, 0.6523537041275654], [0.5468833447775998, 0.5586022735942626, 0.5937590600442512], [0.9882963302052339, 0.9882963302052339, 0.976577401388571], [0.6217898832684825, 0.6796978713664454, 0.7070420386053254], [0.43483634699015794, 0.5937590600442512, 0.6341954680704966], [0.4516517891203174, 0.6188601510643168, 0.7382925154497597], [0.7656366826886397, 0.5704737926298924, 0.6062409399557488]],